name,district,star,popularity,nightly_usd_incl,nightly_usd_excl,total_6_nights_usd_incl,room_type,breakfast,free_cancellation,taxes,status,hotel_id,url,checkin,checkout
An Nhien Retreat Phu Quoc with Yoga Daily & Beach access,Long Beach,3.0,lesser-known,29.29,27.12,175.74,Twin Room with Garden View,False,True,"Service charge $ 1.29, VAT $ 2.17",available,3007308,https://www.agoda.com/search?city=17194&checkIn=2026-10-19&checkOut=2026-10-25&los=6&rooms=1&adults=2&currency=USD&selectedproperty=3007308,2026-10-19,2026-10-25
An Phu Hotel,Duong Dong,3.0,lesser-known,33.48,31.0,200.88,Superior Double Or Twin Bed,True,True,"Service charge 5%, Tax 8%",available,6352970,https://www.agoda.com/search?city=17194&checkIn=2026-10-19&checkOut=2026-10-25&los=6&rooms=1&adults=2&currency=USD&selectedproperty=6352970,2026-10-19,2026-10-25
Rocks Beach Boutique,Ham Ninh,4.0,lesser-known,38.53,35.68,231.18,Deluxe Double Garden View,False,True,"Service charge 5%, Tax 8%",available,60710642,https://www.agoda.com/search?city=17194&checkIn=2026-10-19&checkOut=2026-10-25&los=6&rooms=1&adults=2&currency=USD&selectedproperty=60710642,2026-10-19,2026-10-25
Muong Thanh Luxury Phu Quoc Hotel,Long Beach,4.0,lesser-known,49.78,46.09,298.68,Deluxe Twin Beds,True,True,"Service charge 5%, Tax 8%",available,1624612,https://www.agoda.com/search?city=17194&checkIn=2026-10-19&checkOut=2026-10-25&los=6&rooms=1&adults=2&currency=USD&selectedproperty=1624612,2026-10-19,2026-10-25
Green Inn Phu Quoc Hotel,Long Beach,3.0,lesser-known,58.58,54.24,351.48,Family Junior Suite,True,True,VAT $ 4.34,available,39897314,https://www.agoda.com/search?city=17194&checkIn=2026-10-19&checkOut=2026-10-25&los=6&rooms=1&adults=2&currency=USD&selectedproperty=39897314,2026-10-19,2026-10-25
Brenta Phu Quoc Hotel,Duong Dong,3.0,lesser-known,60.63,56.14,363.78,Superior Double Room,True,False,"Service charge 5%, Tax 8%",available,2061904,https://www.agoda.com/search?city=17194&checkIn=2026-10-19&checkOut=2026-10-25&los=6&rooms=1&adults=2&currency=USD&selectedproperty=2061904,2026-10-19,2026-10-25
Bauhinia Resort Phu Quoc,Long Beach,3.0,lesser-known,65.86,60.99,395.18,Superior Room King,True,True,"Service charge 5%, Tax 8%",available,983880,https://www.agoda.com/search?city=17194&checkIn=2026-10-19&checkOut=2026-10-25&los=6&rooms=1&adults=2&currency=USD&selectedproperty=983880,2026-10-19,2026-10-25
Praha Hotel,Duong Dong,3.0,lesser-known,67.4,62.41,404.37,Premium Room,False,True,"Service charge 5%, Tax 8%",available,1119483,https://www.agoda.com/search?city=17194&checkIn=2026-10-19&checkOut=2026-10-25&los=6&rooms=1&adults=2&currency=USD&selectedproperty=1119483,2026-10-19,2026-10-25
Bamboo Cottages,Vung Bau,3.0,lesser-known,69.41,64.27,416.46,Superior - Garden View,True,True,"Service charge 5%, Tax 8%",available,406794,https://www.agoda.com/search?city=17194&checkIn=2026-10-19&checkOut=2026-10-25&los=6&rooms=1&adults=2&currency=USD&selectedproperty=406794,2026-10-19,2026-10-25
HAWAII RESORT PHU QUOC,Long Beach,3.5,lesser-known,72.75,61.65,436.5,Standard,True,False,"Tax 10%, Service charge 5%, Tax 8%",available,181816,https://www.agoda.com/search?city=17194&checkIn=2026-10-19&checkOut=2026-10-25&los=6&rooms=1&adults=2&currency=USD&selectedproperty=181816,2026-10-19,2026-10-25
Paralia Khem Beach Phu Quoc Hotel,Bai Khem,4.0,lesser-known,83.89,78.18,503.34,Superior Twin Room,True,True,"Service charge 5%, Tax 8%",available,11081947,https://www.agoda.com/search?city=17194&checkIn=2026-10-19&checkOut=2026-10-25&los=6&rooms=1&adults=2&currency=USD&selectedproperty=11081947,2026-10-19,2026-10-25
Coral Bay Hotel & Resort Phu Quoc,Long Beach,3.0,lesser-known,89.44,82.81,536.64,Superior Double Room with Balcony,True,False,"Service charge 5%, Tax 8%",available,4999788,https://www.agoda.com/search?city=17194&checkIn=2026-10-19&checkOut=2026-10-25&los=6&rooms=1&adults=2&currency=USD&selectedproperty=4999788,2026-10-19,2026-10-25
Famiana Resort and Spa,Long Beach,4.5,mid,93.81,86.86,562.86,Deluxe Garden King Or Twin,True,False,"Service charge 5%, Tax 8%",available,400217,https://www.agoda.com/search?city=17194&checkIn=2026-10-19&checkOut=2026-10-25&los=6&rooms=1&adults=2&currency=USD&selectedproperty=400217,2026-10-19,2026-10-25
Soul Boutique Hotel Phu Quoc,Long Beach,4.0,lesser-known,93.96,87.0,563.76,Soul Deluxe,True,True,"Service charge 5%, Tax 8%",available,56230219,https://www.agoda.com/search?city=17194&checkIn=2026-10-19&checkOut=2026-10-25&los=6&rooms=1&adults=2&currency=USD&selectedproperty=56230219,2026-10-19,2026-10-25
Radisson Blu Resort Phu Quoc,Bai Dai,5.0,popular,96.94,90.33,581.64,Deluxe Room (King/Twin),True,False,"Service charge 5%, Tax 8%",available,5442703,https://www.agoda.com/search?city=17194&checkIn=2026-10-19&checkOut=2026-10-25&los=6&rooms=1&adults=2&currency=USD&selectedproperty=5442703,2026-10-19,2026-10-25
Best Western Premier Sonasea Phu Quoc,Long Beach,0.0,lesser-known,98.94,91.61,593.64,Deluxe King Garden View,True,False,"Service charge 5%, Tax 8%",available,7008284,https://www.agoda.com/search?city=17194&checkIn=2026-10-19&checkOut=2026-10-25&los=6&rooms=1&adults=2&currency=USD&selectedproperty=7008284,2026-10-19,2026-10-25
Movenpick Villas & Residences Phu Quoc,Ong Lang,5.0,mid,101.39,90.36,608.34,Studio King Room with Balcony,True,False,Tax 13.4%,available,14676909,https://www.agoda.com/search?city=17194&checkIn=2026-10-19&checkOut=2026-10-25&los=6&rooms=1&adults=2&currency=USD&selectedproperty=14676909,2026-10-19,2026-10-25
Vinpearl Resort & Spa Phú Quốc,Bai Dai,5.0,popular,104.37,96.64,626.22,Deluxe Twin,True,True,"Service charge 5%, Tax 8%",available,625168,https://www.agoda.com/search?city=17194&checkIn=2026-10-19&checkOut=2026-10-25&los=6&rooms=1&adults=2&currency=USD&selectedproperty=625168,2026-10-19,2026-10-25
Mövenpick Resort Waverly Phu Quoc,Ong Lang,5.0,popular,104.6,93.23,627.6,Superior Twin Room Garden View with Balcony,True,False,Tax 13.4%,available,14654959,https://www.agoda.com/search?city=17194&checkIn=2026-10-19&checkOut=2026-10-25&los=6&rooms=1&adults=2&currency=USD&selectedproperty=14654959,2026-10-19,2026-10-25
Wyndham Garden Grandworld Phu Quoc,Bai Dai,4.0,lesser-known,106.36,98.49,638.16,Superior Twin Room,True,True,"Service charge 5%, Tax 8%",available,35958304,https://www.agoda.com/search?city=17194&checkIn=2026-10-19&checkOut=2026-10-25&los=6&rooms=1&adults=2&currency=USD&selectedproperty=35958304,2026-10-19,2026-10-25
SOL By Melia Phu Quoc,Long Beach,5.0,mid,107.46,99.99,644.79,Standard Room,True,False,"Service charge 5%, Tax 8%",available,1266957,https://www.agoda.com/search?city=17194&checkIn=2026-10-19&checkOut=2026-10-25&los=6&rooms=1&adults=2&currency=USD&selectedproperty=1266957,2026-10-19,2026-10-25
Novotel Phu Quoc Resort,Long Beach,5.0,popular,111.09,98.62,666.54,Superior Twin Garden View,True,False,Tax 13.4%,available,1157572,https://www.agoda.com/search?city=17194&checkIn=2026-10-19&checkOut=2026-10-25&los=6&rooms=1&adults=2&currency=USD&selectedproperty=1157572,2026-10-19,2026-10-25
Lahana Resort Phu Quoc & Spa,Long Beach,4.0,mid,111.45,103.19,668.7,Deluxe Double Garden View,True,False,"Service charge 5%, Tax 8%",available,2577124,https://www.agoda.com/search?city=17194&checkIn=2026-10-19&checkOut=2026-10-25&los=6&rooms=1&adults=2&currency=USD&selectedproperty=2577124,2026-10-19,2026-10-25
Wyndham Grand Phu Quoc,Bai Dai,5.0,popular,114.87,106.36,689.22,Superior Twin,True,True,"Service charge 5%, Tax 8%",available,2163073,https://www.agoda.com/search?city=17194&checkIn=2026-10-19&checkOut=2026-10-25&los=6&rooms=1&adults=2&currency=USD&selectedproperty=2163073,2026-10-19,2026-10-25
Peppercorn Beach Resort,Bai Dai,3.0,lesser-known,126.19,116.83,757.14,Double Room with Garden View,False,False,"Service charge $ 5.56, VAT $ 9.35",available,14695651,https://www.agoda.com/search?city=17194&checkIn=2026-10-19&checkOut=2026-10-25&los=6&rooms=1&adults=2&currency=USD&selectedproperty=14695651,2026-10-19,2026-10-25
Sheraton Phu Quoc Long Beach Resort,Bai Dai,5.0,popular,129.18,119.61,775.08,"Deluxe Guest room, 2 Twin, Garden view, Balcony",True,True,"Service charge 5%, Tax 8%",available,1032420,https://www.agoda.com/search?city=17194&checkIn=2026-10-19&checkOut=2026-10-25&los=6&rooms=1&adults=2&currency=USD&selectedproperty=1032420,2026-10-19,2026-10-25
Pullman Phu Quoc Beach Resort,Long Beach,5.0,popular,138.82,123.73,832.92,"Superior Room, 2 Single Size Beds, Balcony",True,False,Tax 13.4%,available,9776735,https://www.agoda.com/search?city=17194&checkIn=2026-10-19&checkOut=2026-10-25&los=6&rooms=1&adults=2&currency=USD&selectedproperty=9776735,2026-10-19,2026-10-25
Camia Resort & Spa,Ong Lang,4.0,mid,143.59,132.95,861.54,Deluxe Garden View,True,True,"Service charge 5%, Tax 8%",available,3647146,https://www.agoda.com/search?city=17194&checkIn=2026-10-19&checkOut=2026-10-25&los=6&rooms=1&adults=2&currency=USD&selectedproperty=3647146,2026-10-19,2026-10-25
Crowne Plaza Phu Quoc Starbay By IHG,Bai Dai / Starbay,5.0,mid,146.29,135.45,877.72,1 King Standard Accessible,True,True,"Service charge 5%, Tax 8%",available,21774298,https://www.agoda.com/search?city=17194&checkIn=2026-10-19&checkOut=2026-10-25&los=6&rooms=1&adults=2&currency=USD&selectedproperty=21774298,2026-10-19,2026-10-25
M Village Phu Quoc,Duong Dong,4.0,lesser-known,153.33,141.97,919.98,Exotic Joy Double House,True,True,"Service charge 5%, Tax 8%",available,24356624,https://www.agoda.com/search?city=17194&checkIn=2026-10-19&checkOut=2026-10-25&los=6&rooms=1&adults=2&currency=USD&selectedproperty=24356624,2026-10-19,2026-10-25
Premier Residences Phu Quoc Emerald Bay Managed by Accor,Bai Khem,5.0,popular,157.13,139.67,942.78,Superior Suite 1 King Bed with Balcony,True,False,Tax 13.4%,available,5972590,https://www.agoda.com/search?city=17194&checkIn=2026-10-19&checkOut=2026-10-25&los=6&rooms=1&adults=2&currency=USD&selectedproperty=5972590,2026-10-19,2026-10-25
Mango Bay Resort,Ong Lang,3.0,mid,168.48,156.0,1010.88,Superior Rammed Earth Bungalow Garden View,True,True,"Service charge 5%, Tax 8%",available,48370,https://www.agoda.com/search?city=17194&checkIn=2026-10-19&checkOut=2026-10-25&los=6&rooms=1&adults=2&currency=USD&selectedproperty=48370,2026-10-19,2026-10-25
Chen Sea Resort and Spa Phu Quoc,Ong Lang,4.5,mid,201.02,186.13,1206.12,Beach Front Villa,True,True,"Service charge 5%, Tax 8%",available,148661,https://www.agoda.com/search?city=17194&checkIn=2026-10-19&checkOut=2026-10-25&los=6&rooms=1&adults=2&currency=USD&selectedproperty=148661,2026-10-19,2026-10-25
Ocean Bay Phu Quoc Resort & Spa,Ong Lang,5.0,lesser-known,202.17,187.19,1213.02,Jungle Bungalow,True,True,"Service charge 5%, Tax 8%",available,21967772,https://www.agoda.com/search?city=17194&checkIn=2026-10-19&checkOut=2026-10-25&los=6&rooms=1&adults=2&currency=USD&selectedproperty=21967772,2026-10-19,2026-10-25
La Veranda Resort Phu Quoc - MGallery,Long Beach,5.0,popular,208.2,185.56,1249.2,"DELUXE GARDEN, 1 Double or 2 Single Size Beds",False,False,Tax 13.4%,available,70425,https://www.agoda.com/search?city=17194&checkIn=2026-10-19&checkOut=2026-10-25&los=6&rooms=1&adults=2&currency=USD&selectedproperty=70425,2026-10-19,2026-10-25
Salinda Resort Phu Quoc - Sparkling Wine Breakfast,Long Beach,5.0,popular,209.8,194.26,1258.78,Deluxe Room,True,False,"Service charge 7%, Tax 8%",available,569108,https://www.agoda.com/search?city=17194&checkIn=2026-10-19&checkOut=2026-10-25&los=6&rooms=1&adults=2&currency=USD&selectedproperty=569108,2026-10-19,2026-10-25
Cassia Cottage Resort and Spa,Long Beach,4.0,mid,224.41,207.79,1346.46,Garden Cottage Room,True,False,"Service charge 5%, Tax 8%",available,96572,https://www.agoda.com/search?city=17194&checkIn=2026-10-19&checkOut=2026-10-25&los=6&rooms=1&adults=2&currency=USD&selectedproperty=96572,2026-10-19,2026-10-25
L'Azure Resort and Spa,Long Beach,4.5,lesser-known,224.57,207.93,1347.42,Executive Garden View Suite,True,True,"Service charge 5%, Tax 8%",available,8836100,https://www.agoda.com/search?city=17194&checkIn=2026-10-19&checkOut=2026-10-25&los=6&rooms=1&adults=2&currency=USD&selectedproperty=8836100,2026-10-19,2026-10-25
WorldHotels Long Beach Resort Phu Quoc,Long Beach,0.0,lesser-known,246.97,230.87,1481.82,Deluxe King Garden View,False,True,"Service charge 5%, Tax 8%",available,83294991,https://www.agoda.com/search?city=17194&checkIn=2026-10-19&checkOut=2026-10-25&los=6&rooms=1&adults=2&currency=USD&selectedproperty=83294991,2026-10-19,2026-10-25
Dusit Princess Moonrise Beach Resort,Long Beach,5.0,mid,247.29,229.89,1483.71,Junior Suite,True,False,"Service charge 5%, Tax 8%",available,4968811,https://www.agoda.com/search?city=17194&checkIn=2026-10-19&checkOut=2026-10-25&los=6&rooms=1&adults=2&currency=USD&selectedproperty=4968811,2026-10-19,2026-10-25
New World Phu Quoc Resort,Bai Khem,5.0,popular,251.98,233.32,1511.88,Garden Pool Villa - 1 Bedroom,True,True,"Service charge 5%, Tax 8%",available,34249576,https://www.agoda.com/search?city=17194&checkIn=2026-10-19&checkOut=2026-10-25&los=6&rooms=1&adults=2&currency=USD&selectedproperty=34249576,2026-10-19,2026-10-25
InterContinental Phu Quoc Long Beach Resort By IHG,Long Beach,5.0,popular,264.22,244.65,1585.32,1 Bedroom Residence,True,True,"Service charge 5%, Tax 8%",available,3648660,https://www.agoda.com/search?city=17194&checkIn=2026-10-19&checkOut=2026-10-25&los=6&rooms=1&adults=2&currency=USD&selectedproperty=3648660,2026-10-19,2026-10-25
Premier Village Phu Quoc Resort - Managed by Accor,Bai Khem,5.0,popular,306.18,270.0,1837.08,3 Bedroom Garden Villa With Private Pool,True,False,Tax 13.4%,available,4518431,https://www.agoda.com/search?city=17194&checkIn=2026-10-19&checkOut=2026-10-25&los=6&rooms=1&adults=2&currency=USD&selectedproperty=4518431,2026-10-19,2026-10-25
Melia Vinpearl Phu Quoc,Bai Dai,5.0,popular,314.49,291.19,1886.92,1-Bedroom Villa Lake View With Private Pool,True,False,"Service charge 5%, Tax 8%",available,1985199,https://www.agoda.com/search?city=17194&checkIn=2026-10-19&checkOut=2026-10-25&los=6&rooms=1&adults=2&currency=USD&selectedproperty=1985199,2026-10-19,2026-10-25
Grand Resort Ocean Bay Phu Quoc,Ong Lang,5.0,lesser-known,337.06,312.1,2022.36,Family Bungalow with Garden View,True,True,"Service charge 5%, Tax 8%",available,47021962,https://www.agoda.com/search?city=17194&checkIn=2026-10-19&checkOut=2026-10-25&los=6&rooms=1&adults=2&currency=USD&selectedproperty=47021962,2026-10-19,2026-10-25
Sunset Sanato Resort & Villas,Long Beach,5.0,mid,351.79,325.73,2110.74,1 Bedroom Private Pool Villa,True,True,"Service charge 5%, Tax 8%",available,5943665,https://www.agoda.com/search?city=17194&checkIn=2026-10-19&checkOut=2026-10-25&los=6&rooms=1&adults=2&currency=USD&selectedproperty=5943665,2026-10-19,2026-10-25
Sailing Club Signature Resort Phu Quoc,Long Beach,5.0,mid,372.71,345.1,2236.26,2-Bedroom Signature Deluxe Pool Villa,True,True,"Service charge 5%, Tax 8%",available,31187083,https://www.agoda.com/search?city=17194&checkIn=2026-10-19&checkOut=2026-10-25&los=6&rooms=1&adults=2&currency=USD&selectedproperty=31187083,2026-10-19,2026-10-25
Seashells Phu Quoc Hotel & Spa,Long Beach,5.0,mid,388.72,359.93,2332.32,"2 Bedroom Suite, 2 Double",True,True,"Service charge 5%, Tax 8%",available,2430159,https://www.agoda.com/search?city=17194&checkIn=2026-10-19&checkOut=2026-10-25&los=6&rooms=1&adults=2&currency=USD&selectedproperty=2430159,2026-10-19,2026-10-25
JW Marriott Phu Quoc Emerald Bay Resort & Spa,Bai Khem,5.0,popular,458.81,424.82,2752.86,"Emerald Bay, Guest room, 1 King, Balcony",True,True,"Service charge 5%, Tax 8%",available,1624474,https://www.agoda.com/search?city=17194&checkIn=2026-10-19&checkOut=2026-10-25&los=6&rooms=1&adults=2&currency=USD&selectedproperty=1624474,2026-10-19,2026-10-25
Regent Phu Quoc By IHG,Bai Dai / Starbay,5.0,popular,500.47,463.4,3002.82,Resort View Suite,True,True,"Service charge 5%, Tax 8%",available,21774297,https://www.agoda.com/search?city=17194&checkIn=2026-10-19&checkOut=2026-10-25&los=6&rooms=1&adults=2&currency=USD&selectedproperty=21774297,2026-10-19,2026-10-25
Fusion Resort Phu Quoc - All Spa Inclusive,Vung Bau,5.0,popular,,,,,,,,no_rate,1624152,https://www.agoda.com/search?city=17194&checkIn=2026-10-19&checkOut=2026-10-25&los=6&rooms=1&adults=2&currency=USD&selectedproperty=1624152,2026-10-19,2026-10-25
Nam Nghi Coral Peninsula Phu Quoc,Vung Bau,5.0,mid,,,,,,,,no_rate,2061878,https://www.agoda.com/search?city=17194&checkIn=2026-10-19&checkOut=2026-10-25&los=6&rooms=1&adults=2&currency=USD&selectedproperty=2061878,2026-10-19,2026-10-25
Ann Hotel & Spa Khem Beach PQ,Bai Khem,3.0,lesser-known,,,,,,,,no_rate,32482497,https://www.agoda.com/search?city=17194&checkIn=2026-10-19&checkOut=2026-10-25&los=6&rooms=1&adults=2&currency=USD&selectedproperty=32482497,2026-10-19,2026-10-25
Sunset Beach Resort & Spa - Beachfront Pirate Fire Show ,Long Beach,4.0,lesser-known,,,,,,,,no_rate,9612717,https://www.agoda.com/search?city=17194&checkIn=2026-10-19&checkOut=2026-10-25&los=6&rooms=1&adults=2&currency=USD&selectedproperty=9612717,2026-10-19,2026-10-25
The Palmy Phu Quoc Resort and Spa,Long Beach,4.0,lesser-known,,,,,,,,no_rate,2570684,https://www.agoda.com/search?city=17194&checkIn=2026-10-19&checkOut=2026-10-25&los=6&rooms=1&adults=2&currency=USD&selectedproperty=2570684,2026-10-19,2026-10-25
Novus Sol Hotel & Apartment Sunset Town Phu Quoc,An Thoi,4.0,lesser-known,,,,,,,,no_rate,65344078,https://www.agoda.com/search?city=17194&checkIn=2026-10-19&checkOut=2026-10-25&los=6&rooms=1&adults=2&currency=USD&selectedproperty=65344078,2026-10-19,2026-10-25
