name,district,star,agoda_score,agoda_count,combined_agoda_booking,combined_count,cleanliness,facilities,location,service,value,google_score_10,google_count,tripadvisor_score_10,tripadvisor_count,booking_score,booking_count
Green Inn Phu Quoc Hotel,Long Beach,3.0,9.6,345,9.6,345,9.3,9.5,9.2,9.8,9.7,,,,,,
Salinda Resort Phu Quoc - Sparkling Wine Breakfast,Long Beach,5.0,9.4,6462,9.4,6462,9.7,9.5,9.4,9.7,9.4,,,,,,
Regent Phu Quoc By IHG,Bai Dai / Starbay,5.0,9.4,2084,9.4,2084,9.8,9.8,9.4,9.8,9.5,,,,,,
WorldHotels Long Beach Resort Phu Quoc,Long Beach,0.0,9.3,432,9.3,432,9.7,9.6,9.4,9.7,9.6,,,,,,
Novus Sol Hotel & Apartment Sunset Town Phu Quoc,An Thoi,4.0,9.3,249,9.3,249,9.2,9.1,9.2,9.2,9.2,,,,,,
Dusit Princess Moonrise Beach Resort,Long Beach,5.0,9.2,7004,9.2,7004,9.4,9.2,9.3,9.5,9.3,,,,,,
L'Azure Resort and Spa,Long Beach,4.5,9.2,3068,9.2,3068,9.4,9.1,9.5,9.6,9.3,,,,,,
JW Marriott Phu Quoc Emerald Bay Resort & Spa,Bai Khem,5.0,9.2,2761,9.2,2761,9.5,9.4,8.9,9.5,9.0,,,9.6,1663,,
Cassia Cottage Resort and Spa,Long Beach,4.0,9.2,1818,9.2,1818,9.3,9.0,9.2,9.4,8.7,,,,,,
Lahana Resort Phu Quoc & Spa,Long Beach,4.0,9.1,7510,9.1,7510,9.3,9.1,9.1,9.5,9.3,,,,,,
Crowne Plaza Phu Quoc Starbay By IHG,Bai Dai / Starbay,5.0,9.1,6404,9.1,6404,9.5,9.4,8.7,9.5,9.4,,,,,,
La Veranda Resort Phu Quoc - MGallery,Long Beach,5.0,9.1,1210,9.1,1210,9.5,9.3,9.2,9.4,8.8,,,,,,
Seashells Phu Quoc Hotel & Spa,Long Beach,5.0,9.0,14508,,,9.2,9.0,9.5,9.1,9.0,,,,,,
InterContinental Phu Quoc Long Beach Resort By IHG,Long Beach,5.0,9.0,5113,9.0,5113,9.4,9.5,9.0,9.5,9.2,,,,,,
Camia Resort & Spa,Ong Lang,4.0,9.0,4398,9.0,4398,9.3,9.1,8.2,9.5,9.3,,,9.6,337,9.3,1585
Bamboo Cottages,Vung Bau,3.0,9.0,731,9.0,731,8.9,8.7,8.7,9.5,9.0,,,,,,
Ocean Bay Phu Quoc Resort & Spa,Ong Lang,5.0,8.9,5311,8.9,5311,8.8,8.9,8.7,9.3,9.0,,,,,,
M Village Phu Quoc,Duong Dong,4.0,8.9,5302,8.9,5302,9.0,8.9,9.3,9.4,9.1,,,,,8.3,398
Sailing Club Signature Resort Phu Quoc,Long Beach,5.0,8.9,3765,8.9,3765,9.3,9.1,8.8,9.3,9.3,,,,,,
Sunset Beach Resort & Spa - Beachfront Pirate Fire Show ,Long Beach,4.0,8.9,3361,8.9,3361,9.0,8.9,9.2,9.1,8.9,,,,,,
Radisson Blu Resort Phu Quoc,Bai Dai,5.0,8.9,2465,,,9.2,9.1,9.0,9.1,9.0,9.6,6106,9.0,1199,8.8,1304
Mango Bay Resort,Ong Lang,3.0,8.9,2374,8.9,2374,9.0,8.7,8.8,9.1,8.7,,,,,,
Soul Boutique Hotel Phu Quoc,Long Beach,4.0,8.9,798,8.9,798,9.3,8.9,8.7,9.2,9.0,,,9.6,,,
Peppercorn Beach Resort,Bai Dai,3.0,8.9,275,8.9,275,9.2,8.7,8.5,9.7,8.8,,,,,,
Vinpearl Resort & Spa Phú Quốc,Bai Dai,5.0,8.8,8667,,,9.0,9.0,8.7,9.0,8.9,,,,,,
Pullman Phu Quoc Beach Resort,Long Beach,5.0,8.8,5616,8.8,5616,9.1,9.2,8.6,9.3,9.0,,,,,,
Coral Bay Hotel & Resort Phu Quoc,Long Beach,3.0,8.8,3023,,,8.8,8.6,9.2,9.1,9.0,,,,,,
Sheraton Phu Quoc Long Beach Resort,Bai Dai,5.0,8.8,2655,8.8,2655,8.9,8.9,8.3,8.8,8.6,,,,,,
Chen Sea Resort and Spa Phu Quoc,Ong Lang,4.5,8.8,1103,8.8,1103,9.1,8.8,8.4,9.2,8.6,,,,,,
Fusion Resort Phu Quoc - All Spa Inclusive,Vung Bau,5.0,8.8,1063,8.8,1063,9.2,9.2,7.9,9.4,9.0,,,,,,
New World Phu Quoc Resort,Bai Khem,5.0,8.7,6876,8.7,6876,8.9,9.1,8.6,9.1,9.0,,,,,,
Novotel Phu Quoc Resort,Long Beach,5.0,8.7,6840,8.7,6840,8.9,8.9,8.9,8.9,8.9,,,,,,
Premier Residences Phu Quoc Emerald Bay Managed by Accor,Bai Khem,5.0,8.7,6779,8.7,6779,9.0,9.0,8.8,8.9,8.9,,,,,,
An Phu Hotel,Duong Dong,3.0,8.7,4154,8.7,4154,8.9,8.6,9.0,8.9,9.2,,,,,,
Wyndham Garden Grandworld Phu Quoc,Bai Dai,4.0,8.7,2729,,,9.0,8.9,9.1,8.8,8.9,,,,,,
Movenpick Villas & Residences Phu Quoc,Ong Lang,5.0,8.7,2485,,,9.0,9.0,8.2,9.0,8.9,,,,,,
Mövenpick Resort Waverly Phu Quoc,Ong Lang,5.0,8.7,1893,,,9.1,9.1,8.2,9.0,9.0,,,,,,
Famiana Resort and Spa,Long Beach,4.5,8.7,1817,8.7,1817,8.8,8.5,8.7,9.1,8.5,,,,,,
Premier Village Phu Quoc Resort - Managed by Accor,Bai Khem,5.0,8.7,1811,8.7,1811,8.9,8.9,8.1,9.0,8.8,,,,,,
Bauhinia Resort Phu Quoc,Long Beach,3.0,8.7,841,,,8.7,8.4,8.4,9.3,8.9,,,,,,
HAWAII RESORT PHU QUOC,Long Beach,3.5,8.7,120,,,8.5,8.7,9.4,9.1,8.9,,,,,,
Wyndham Grand Phu Quoc,Bai Dai,5.0,8.6,6461,8.6,6461,8.9,8.9,8.4,8.8,8.7,,,,,,
Best Western Premier Sonasea Phu Quoc,Long Beach,0.0,8.6,4844,,,8.6,8.8,9.1,8.9,8.8,,,,,,
Melia Vinpearl Phu Quoc,Bai Dai,5.0,8.6,3254,,,8.7,8.8,8.3,9.0,8.9,,,,,,
Grand Resort Ocean Bay Phu Quoc,Ong Lang,5.0,8.6,2004,8.6,2004,8.4,8.7,8.2,8.8,8.6,8.6,890,,,8.9,1061
Ann Hotel & Spa Khem Beach PQ,Bai Khem,3.0,8.6,1086,8.6,1086,8.9,8.4,9.1,9.1,8.8,,,,,,
SOL By Melia Phu Quoc,Long Beach,5.0,8.5,4237,,,8.7,8.6,8.2,8.8,8.7,,,,,,
Sunset Sanato Resort & Villas,Long Beach,5.0,8.5,1191,,,8.8,8.4,8.4,8.9,8.6,,,,,,
Paralia Khem Beach Phu Quoc Hotel,Bai Khem,4.0,8.5,972,,,8.9,8.3,9.0,8.7,8.6,,,,,,
Nam Nghi Coral Peninsula Phu Quoc,Vung Bau,5.0,8.5,443,8.5,443,9.0,8.6,8.4,8.9,8.2,,,,,,
An Nhien Retreat Phu Quoc with Yoga Daily & Beach access,Long Beach,3.0,8.4,272,8.4,272,8.0,8.0,9.0,8.7,8.0,,,,,,
Rocks Beach Boutique,Ham Ninh,4.0,8.3,780,,,8.7,8.5,7.8,9.0,8.8,,,,,,
Praha Hotel,Duong Dong,3.0,8.3,302,8.3,302,8.6,7.9,7.7,8.7,8.5,,,,,,
Brenta Phu Quoc Hotel,Duong Dong,3.0,8.1,1032,8.1,1032,8.0,7.7,7.8,8.4,8.0,,,,,,
Muong Thanh Luxury Phu Quoc Hotel,Long Beach,4.0,7.9,2226,,,8.1,7.7,7.7,8.2,8.0,,,,,,
The Palmy Phu Quoc Resort and Spa,Long Beach,4.0,7.0,965,,,6.9,6.7,7.4,7.2,7.0,,,,,,
